Protocollo;Gruppo;DataOraIncidente;Localizzazione1;STRADA1;Localizzazione2;STRADA2;Strada02;Chilometrica;DaSpecificare;NaturaIncidente;particolaritastrade;TipoStrada;FondoStradale;Pavimentazione;Segnaletica;CondizioneAtmosferica;Traffico;Visibilita;Illuminazione;NUM_FERITI;NUM_RISERVATA;NUM_MORTI;NUM_ILLESI;Longitudine;Latitudine;Confermato;Progressivo;TipoVeicolo;StatoVeicolo;TipoPersona;Sesso;Tipolesione;Deceduto;DecedutoDopo;CinturaCascoUtilizzato;Airbag
1870018;12;23/03/2011 18:20;Strada Urbana;VIA DI ACQUA ACETOSA OSTIENSE;all'intersezione semaforizzata con;VIA LAURENTINA;VIA LAURENTINA;;;Scontro laterale fra veicoli in marcia;Intersezione semaforizzata;Una carreggiata a doppio senso;Asciutto;Asfaltata;Verticale ed orizzontale;Sereno;Intenso;Buona;Sufficiente;0;0;0;2;;;-1;2;Autovettura privata;In marcia / fermata / arresto;Conducente;F;Illeso;0;;Utilizzato;Inesploso
1870020;20;24/03/2011 16:00;Strada Urbana;CORSO DI FRANCIA;da specificare;;;;DIREZIONE G.R.A. ALTEZZA VIA HONDURAS;Scontro laterale fra veicoli in marcia;Rettilineo;Due carreggiate;Asciutto;Asfaltata;Verticale ed orizzontale;Sereno;Normale;Sufficiente;Ore Diurne;1;0;0;0;;;-1;1;Ciclomotore;In marcia / fermata / arresto;Conducente;M;Rifiuta cure immediate;0;NON DECEDUTO;Non accertato;Inesploso
1870021;12;24/03/2011 20:25;Statale;VIA LAURENTINA;in prossimità;;del civico n. ;1569;;Investimento di pedone;Rettilineo;Una carreggiata a doppio senso;Asciutto;Asfaltata;Verticale ed orizzontale;Sereno;Normale;Sufficiente;Inesistente;1;0;0;2;;;-1;;;;Pedone;M;Rimandato;0;NON DECEDUTO;;
1870021;12;24/03/2011 20:25;Statale;VIA LAURENTINA;in prossimità;;del civico n. ;1569;;Investimento di pedone;Rettilineo;Una carreggiata a doppio senso;Asciutto;Asfaltata;Verticale ed orizzontale;Sereno;Normale;Sufficiente;Inesistente;1;0;0;2;;;-1;1;Autocarro inferiore 35 q.;In marcia / fermata / arresto;Conducente;M;Illeso;0;;Utilizzato;Inesistente
1870021;12;24/03/2011 20:25;Statale;VIA LAURENTINA;in prossimità;;del civico n. ;1569;;Investimento di pedone;Rettilineo;Una carreggiata a doppio senso;Asciutto;Asfaltata;Verticale ed orizzontale;Sereno;Normale;Sufficiente;Inesistente;1;0;0;2;;;-1;1;Autocarro inferiore 35 q.;In marcia / fermata / arresto;Passeggero;M;Illeso;0;;Utilizzato;Inesistente
1870022;4;03/03/2011 15:00;Strada Urbana;VIALE JONIO;in prossimità;;del civico n. ;206;;Tamponamento;Rettilineo;Due carreggiate;Bagnato (pioggia);Asfaltata;Orizzontale;Pioggia in atto;Normale;Buona;Ore Diurne;1;0;0;1;;;-1;1;Autovettura privata;In marcia / fermata / arresto;Conducente;F;Illeso;0;;Non accertato;Inesistente
1870022;4;03/03/2011 15:00;Strada Urbana;VIALE JONIO;in prossimità;;del civico n. ;206;;Tamponamento;Rettilineo;Due carreggiate;Bagnato (pioggia);Asfaltata;Orizzontale;Pioggia in atto;Normale;Buona;Ore Diurne;1;0;0;1;;;-1;2;Motociclo a solo;In marcia / fermata / arresto;Conducente;M;Rimandato;0;NON DECEDUTO;Non accertato;Inesistente
1870023;17;08/03/2011 10:00;Strada Urbana;VIA ANGELO EMO;in prossimità;;del civico n. ;23;;Scontro frontale/laterale SX fra veicoli in marcia;Rettilineo;Due carreggiate;Asciutto;Asfaltata;Verticale ed orizzontale;Sereno;Normale;Buona;Ore Diurne;0;0;0;1;;;-1;1;Autovettura privata;In marcia / fermata / arresto;Conducente;M;Illeso;0;;Non accertato;Inesistente
1870024;12;24/03/2011 16:15;Strada Urbana;PIAZZA GUGLIELMO MARCONI;da specificare;;;;prossimità Viale della Civiltà Romana;Veicolo in marcia contro ostacolo fisso;Rettilineo;Una carreggiata a doppio senso;Asciutto;Asfaltata;Verticale ed orizzontale;Sereno;Normale;Buona;Ore Diurne;1;0;0;0;;;-1;1;Motociclo a solo;In marcia / fermata / arresto;Conducente;M;Ricoverato;0;NON DECEDUTO;Non accertato;Inesistente
1870025;12;24/03/2011 08:00;Regionale;VIA PONTINA;in prossimità;;della chilometrica ;15,7;;Tamponamento;Curva a visuale libera;Due carreggiate;Asciutto;Asfaltata;Verticale ed orizzontale;Sereno;Normale;Buona;Ore Diurne;1;0;0;2;;;-1;1;Autovettura privata;In marcia / fermata / arresto;Conducente;M;Illeso;0;;Utilizzato;Inesistente
1870025;12;24/03/2011 08:00;Regionale;VIA PONTINA;in prossimità;;della chilometrica ;15,7;;Tamponamento;Curva a visuale libera;Due carreggiate;Asciutto;Asfaltata;Verticale ed orizzontale;Sereno;Normale;Buona;Ore Diurne;1;0;0;2;;;-1;1;Autovettura privata;In marcia / fermata / arresto;Passeggero;M;Illeso;0;;Utilizzato;Inesistente
1870025;12;24/03/2011 08:00;Regionale;VIA PONTINA;in prossimità;;della chilometrica ;15,7;;Tamponamento;Curva a visuale libera;Due carreggiate;Asciutto;Asfaltata;Verticale ed orizzontale;Sereno;Normale;Buona;Ore Diurne;1;0;0;2;;;-1;2;Motociclo a solo;In marcia / fermata / arresto;Conducente;M;Ricoverato;0;NON DECEDUTO;Utilizzato;Inesistente
1870026;11;13/03/2011 13:40;Strada Urbana;VIA DI VIGNA MURATA;da specificare;;;;100 mt. prima di Via Stefano Gradi dir. Ardeatina;Veicolo in marcia contro ostacolo fisso;Curva senza visuale libera;Due carreggiate;Bagnato (pioggia);Asfaltata;Verticale ed orizzontale;Pioggia in atto;Scarso;Sufficiente;Ore Diurne;1;0;0;0;;;-1;1;Autovettura privata;In marcia / fermata / arresto;Conducente;M;Rimandato;0;NON DECEDUTO;Non accertato;Inesploso
1870027;12;24/03/2011 21:00;Strada Urbana;VIALE DELL'URBANISTICA;in corrispondenza;;del civico n. ;18;;Veicolo in marcia contro veicolo in sosta;Rettilineo;Una carreggiata a senso unico di marcia;Asciutto;Asfaltata;Verticale ed orizzontale;Sereno;Scarso;Buona;Sufficiente;0;0;0;1;;;-1;2;Autovettura privata;In marcia / fermata / arresto;Conducente;F;Illeso;0;;Non accertato;Inesistente
1870028;6;25/03/2011 11:30;Strada Urbana;VIA ATTILIO HORTIS;all'intersezione con;VIA RICCARDO PITTERI;VIA RICCARDO PITTERI;;;Scontro frontale/laterale SX fra veicoli in marcia;Incrocio;Una carreggiata a senso unico di marcia;Asciutto;Asfaltata;Verticale;Sereno;Normale;Buona;Ore Diurne;3;0;0;0;;;-1;1;Autovettura privata;In marcia / fermata / arresto;Conducente;M;Rimandato;0;NON DECEDUTO;Non accertato;Inesploso
1870028;6;25/03/2011 11:30;Strada Urbana;VIA ATTILIO HORTIS;all'intersezione con;VIA RICCARDO PITTERI;VIA RICCARDO PITTERI;;;Scontro frontale/laterale SX fra veicoli in marcia;Incrocio;Una carreggiata a senso unico di marcia;Asciutto;Asfaltata;Verticale;Sereno;Normale;Buona;Ore Diurne;3;0;0;0;;;-1;2;Autovettura privata;In marcia / fermata / arresto;Conducente;F;Rifiuta cure immediate;0;NON DECEDUTO;Non accertato;Inesistente
1870028;6;25/03/2011 11:30;Strada Urbana;VIA ATTILIO HORTIS;all'intersezione con;VIA RICCARDO PITTERI;VIA RICCARDO PITTERI;;;Scontro frontale/laterale SX fra veicoli in marcia;Incrocio;Una carreggiata a senso unico di marcia;Asciutto;Asfaltata;Verticale;Sereno;Normale;Buona;Ore Diurne;3;0;0;0;;;-1;2;Autovettura privata;In marcia / fermata / arresto;Passeggero;F;Rimandato;0;NON DECEDUTO;Non accertato;Inesistente
1870029;6;25/03/2011 12:40;Strada Urbana;VIA CAMPOBASSO;all'intersezione con;VIA AVELLINO;VIA AVELLINO;;;Veicolo in marcia contro veicolo in sosta;Incrocio;Una carreggiata a senso unico di marcia;Asciutto;Asfaltata;Assente;Sereno;Normale;Buona;Ore Diurne;0;0;0;1;;;-1;1;Autocarro inferiore 35 q.;In marcia / fermata / arresto;Conducente;M;Illeso;0;;Non accertato;Inesistente
1870030;6;25/03/2011 15:40;Strada Urbana;VIA TEANO;in prossimità;;del palo luce n. ;12;;Scontro frontale fra veicoli in marcia;Rettilineo;Una carreggiata a doppio senso;Asciutto;Asfaltata;Assente;Sereno;Normale;Buona;Ore Diurne;1;0;0;1;;;-1;1;Motociclo con passeggero;In marcia / fermata / arresto;Conducente;M;Rimandato;0;NON DECEDUTO;Non accertato;Inesistente
1870030;6;25/03/2011 15:40;Strada Urbana;VIA TEANO;in prossimità;;del palo luce n. ;12;;Scontro frontale fra veicoli in marcia;Rettilineo;Una carreggiata a doppio senso;Asciutto;Asfaltata;Assente;Sereno;Normale;Buona;Ore Diurne;1;0;0;1;;;-1;2;Autocarro superiore 35 q.;In marcia / fermata / arresto;Conducente;M;Illeso;0;;Non accertato;Inesistente
1870031;6;25/03/2011 17:00;Strada Urbana;VIA MARIO CHIRI;in prossimità;;del civico n. ;80;;Veicolo in marcia contro veicoli in arresto;Rettilineo;Una carreggiata a senso unico di marcia;Asciutto;Asfaltata;Assente;Sereno;Normale;Buona;Ore Diurne;1;0;0;1;;;-1;1;Autovettura privata;Sosta;Passeggero;M;Illeso;0;;Non accertato;Inesploso
1870031;6;25/03/2011 17:00;Strada Urbana;VIA MARIO CHIRI;in prossimità;;del civico n. ;80;;Veicolo in marcia contro veicoli in arresto;Rettilineo;Una carreggiata a senso unico di marcia;Asciutto;Asfaltata;Assente;Sereno;Normale;Buona;Ore Diurne;1;0;0;1;;;-1;2;Motociclo a solo;In marcia / fermata / arresto;Conducente;M;Rimandato;0;NON DECEDUTO;Non accertato;Inesistente
1870032;12;24/03/2011 19:40;Strada Urbana;VIALE HUGO PRATT;in prossimità;;del civico n. ;20;;Veicolo in marcia contro ostacolo fisso;Rettilineo;Due carreggiate;Sdrucciolevole (terriccio);Asfaltata;Verticale ed orizzontale;Sereno;Scarso;Buona;Sufficiente;1;0;0;0;;;-1;1;Motociclo a solo;In marcia / fermata / arresto;Conducente;M;Rimandato;0;NON DECEDUTO;Utilizzato;Inesistente
1870033;12;24/03/2011 23:30;Strada Urbana;VIALE ROMOLO MURRI;da specificare;;;;prossimità piazza Parri;Veicolo in marcia contro veicolo arresto;Rettilineo;Una carreggiata a doppio senso;Asciutto;Asfaltata;Verticale ed orizzontale;Sereno;Scarso;Buona;Sufficiente;0;0;0;2;;;-1;1;Autovettura privata;In marcia / fermata / arresto;Conducente;F;Illeso;0;;Non accertato;Inesistente
1870033;12;24/03/2011 23:30;Strada Urbana;VIALE ROMOLO MURRI;da specificare;;;;prossimità piazza Parri;Veicolo in marcia contro veicolo arresto;Rettilineo;Una carreggiata a doppio senso;Asciutto;Asfaltata;Verticale ed orizzontale;Sereno;Scarso;Buona;Sufficiente;0;0;0;2;;;-1;2;Autovettura privata;In marcia / fermata / arresto;Conducente;F;Illeso;0;;Utilizzato;Inesistente
1870034;9;25/03/2011 10:00;Strada Urbana;PIAZZA DI VILLA FIORELLI;all'intersezione semaforizzata con;VIA TERNI;VIA TERNI;;;Scontro laterale fra veicoli in marcia;Intersezione semaforizzata;Una carreggiata a doppio senso;Asciutto;Asfaltata;Verticale ed orizzontale;Sereno;Normale;Buona;Ore Diurne;2;0;0;3;;;-1;1;Autocarro inferiore 35 q.;In marcia / fermata / arresto;Conducente;M;Illeso;0;;Non accertato;Inesistente
1870034;9;25/03/2011 10:00;Strada Urbana;PIAZZA DI VILLA FIORELLI;all'intersezione semaforizzata con;VIA TERNI;VIA TERNI;;;Scontro laterale fra veicoli in marcia;Intersezione semaforizzata;Una carreggiata a doppio senso;Asciutto;Asfaltata;Verticale ed orizzontale;Sereno;Normale;Buona;Ore Diurne;2;0;0;3;;;-1;1;Autocarro inferiore 35 q.;In marcia / fermata / arresto;Passeggero;M;Illeso;0;;Non accertato;Inesistente
1870034;9;25/03/2011 10:00;Strada Urbana;PIAZZA DI VILLA FIORELLI;all'intersezione semaforizzata con;VIA TERNI;VIA TERNI;;;Scontro laterale fra veicoli in marcia;Intersezione semaforizzata;Una carreggiata a doppio senso;Asciutto;Asfaltata;Verticale ed orizzontale;Sereno;Normale;Buona;Ore Diurne;2;0;0;3;;;-1;1;Autocarro inferiore 35 q.;In marcia / fermata / arresto;Passeggero;M;Illeso;0;;Non accertato;Inesistente
1870034;9;25/03/2011 10:00;Strada Urbana;PIAZZA DI VILLA FIORELLI;all'intersezione semaforizzata con;VIA TERNI;VIA TERNI;;;Scontro laterale fra veicoli in marcia;Intersezione semaforizzata;Una carreggiata a doppio senso;Asciutto;Asfaltata;Verticale ed orizzontale;Sereno;Normale;Buona;Ore Diurne;2;0;0;3;;;-1;2;Motociclo con passeggero;In marcia / fermata / arresto;Conducente;M;Rimandato;0;NON DECEDUTO;Non accertato;Inesistente
1870034;9;25/03/2011 10:00;Strada Urbana;PIAZZA DI VILLA FIORELLI;all'intersezione semaforizzata con;VIA TERNI;VIA TERNI;;;Scontro laterale fra veicoli in marcia;Intersezione semaforizzata;Una carreggiata a doppio senso;Asciutto;Asfaltata;Verticale ed orizzontale;Sereno;Normale;Buona;Ore Diurne;2;0;0;3;;;-1;2;Motociclo con passeggero;In marcia / fermata / arresto;Passeggero;M;Rimandato;0;NON DECEDUTO;Non accertato;Inesistente
1870036;9;25/03/2011 16:40;Strada Urbana;VIA MACEDONIA;in corrispondenza;;del civico n. ;86;;Scontro frontale/laterale SX fra veicoli in marcia;Rettilineo;Una carreggiata a doppio senso;Asciutto;Asfaltata;Orizzontale;Sereno;Normale;Buona;Ore Diurne;1;0;0;2;;;-1;1;Autovettura privata;In marcia / fermata / arresto;Conducente;M;Illeso;0;;Non accertato;Inesistente
1870036;9;25/03/2011 16:40;Strada Urbana;VIA MACEDONIA;in corrispondenza;;del civico n. ;86;;Scontro frontale/laterale SX fra veicoli in marcia;Rettilineo;Una carreggiata a doppio senso;Asciutto;Asfaltata;Orizzontale;Sereno;Normale;Buona;Ore Diurne;1;0;0;2;;;-1;1;Autovettura privata;In marcia / fermata / arresto;Passeggero;M;Illeso;0;;Non accertato;Inesistente
1870036;9;25/03/2011 16:40;Strada Urbana;VIA MACEDONIA;in corrispondenza;;del civico n. ;86;;Scontro frontale/laterale SX fra veicoli in marcia;Rettilineo;Una carreggiata a doppio senso;Asciutto;Asfaltata;Orizzontale;Sereno;Normale;Buona;Ore Diurne;1;0;0;2;;;-1;2;Motociclo a solo;In marcia / fermata / arresto;Conducente;M;Rimandato;0;NON DECEDUTO;Non accertato;Inesistente
1870037;9;25/03/2011 12:10;Strada Urbana;VIA APPIA NUOVA;in prossimità;;del civico n. ;464;;Tamponamento;Rettilineo;Due carreggiate;Asciutto;Asfaltata;Orizzontale;Sereno;Normale;Buona;Ore Diurne;0;0;0;2;;;-1;1;Autocarro inferiore 35 q.;In marcia / fermata / arresto;Conducente;M;Illeso;0;;Non accertato;Inesistente
1870037;9;25/03/2011 12:10;Strada Urbana;VIA APPIA NUOVA;in prossimità;;del civico n. ;464;;Tamponamento;Rettilineo;Due carreggiate;Asciutto;Asfaltata;Orizzontale;Sereno;Normale;Buona;Ore Diurne;0;0;0;2;;;-1;2;Autovettura privata;In marcia / fermata / arresto;Conducente;M;Illeso;0;;Non accertato;Inesistente
1870038;12;24/03/2011 08:05;Strada Urbana;VIA CRISTOFORO COLOMBO;da specificare;;;;prossimità Viale Africa;Tamponamento;Rettilineo;Due carreggiate;Asciutto;Asfaltata;Verticale ed orizzontale;Sereno;Intenso;Buona;Ore Diurne;0;1;0;1;;;-1;1;Autovettura privata;In marcia / fermata / arresto;Conducente;M;Illeso;0;;Utilizzato;Inesistente
1870038;12;24/03/2011 08:05;Strada Urbana;VIA CRISTOFORO COLOMBO;da specificare;;;;prossimità Viale Africa;Tamponamento;Rettilineo;Due carreggiate;Asciutto;Asfaltata;Verticale ed orizzontale;Sereno;Intenso;Buona;Ore Diurne;0;1;0;1;;;-1;2;Motociclo a solo;In marcia / fermata / arresto;Conducente;M;Prognosi riservata;0;NON DECEDUTO;Non accertato;Inesistente
1870039;9;25/03/2011 15:35;Strada Urbana;PIAZZA LODI;in prossimità;;del civico n. ;1/C;;Scontro laterale fra veicoli in marcia;Curva a visuale libera;Una carreggiata a doppio senso;Asciutto;Asfaltata;Verticale ed orizzontale;Sereno;Intenso;Buona;Ore Diurne;1;0;0;1;;;-1;1;Motociclo a solo;In marcia / fermata / arresto;Conducente;M;Rimandato;0;NON DECEDUTO;Non accertato;Inesistente
1870039;9;25/03/2011 15:35;Strada Urbana;PIAZZA LODI;in prossimità;;del civico n. ;1/C;;Scontro laterale fra veicoli in marcia;Curva a visuale libera;Una carreggiata a doppio senso;Asciutto;Asfaltata;Verticale ed orizzontale;Sereno;Intenso;Buona;Ore Diurne;1;0;0;1;;;-1;2;Velocipede;In marcia / fermata / arresto;Conducente;M;Illeso;0;;Non accertato;Inesistente
1870040;12;24/03/2011 13:00;Provinciale;VIA LAURENTINA;da specificare;;;;direzione Pomezia, alt. civ. 1006;Scontro laterale fra veicoli in marcia;Rettilineo;Due carreggiate;Asciutto;Asfaltata;Verticale ed orizzontale;Sereno;Normale;Buona;Ore Diurne;0;0;0;3;;;-1;1;Motociclo a solo;In marcia / fermata / arresto;Conducente;F;Illeso;0;;Utilizzato;Inesistente
1870040;12;24/03/2011 13:00;Provinciale;VIA LAURENTINA;da specificare;;;;direzione Pomezia, alt. civ. 1006;Scontro laterale fra veicoli in marcia;Rettilineo;Due carreggiate;Asciutto;Asfaltata;Verticale ed orizzontale;Sereno;Normale;Buona;Ore Diurne;0;0;0;3;;;-1;2;Autocarro superiore 35 q.;In marcia / fermata / arresto;Conducente;M;Illeso;0;;Utilizzato;Inesistente
1870040;12;24/03/2011 13:00;Provinciale;VIA LAURENTINA;da specificare;;;;direzione Pomezia, alt. civ. 1006;Scontro laterale fra veicoli in marcia;Rettilineo;Due carreggiate;Asciutto;Asfaltata;Verticale ed orizzontale;Sereno;Normale;Buona;Ore Diurne;0;0;0;3;;;-1;2;Autocarro superiore 35 q.;In marcia / fermata / arresto;Passeggero;M;Illeso;0;;Utilizzato;Inesistente
1870041;8;25/03/2011 13:40;Strada Urbana;VIA DEL TORRACCIO;in corrispondenza;;del palo luce n. ;56;;Veicolo in marcia contro ostacolo accidentale;Rettilineo;Una carreggiata a doppio senso;Asciutto;Asfaltata;Verticale;Sereno;Scarso;Buona;Ore Diurne;0;0;0;1;;;-1;1;Autovettura privata;In marcia / fermata / arresto;Conducente;M;Illeso;0;;Non accertato;Inesploso
1870042;8;25/03/2011 15:00;Strada Urbana;VIA CALAMONACI;all'intersezione con;VIA ANTONIO PUCCINELLI;VIA ANTONIO PUCCINELLI;;;Scontro laterale fra veicoli in marcia;Incrocio;Una carreggiata a doppio senso;Asciutto;Asfaltata;Verticale;Sereno;Normale;Buona;Ore Diurne;0;0;0;4;;;-1;1;Autovettura privata;In marcia / fermata / arresto;Conducente;F;Illeso;0;;Non accertato;Inesploso
1870042;8;25/03/2011 15:00;Strada Urbana;VIA CALAMONACI;all'intersezione con;VIA ANTONIO PUCCINELLI;VIA ANTONIO PUCCINELLI;;;Scontro laterale fra veicoli in marcia;Incrocio;Una carreggiata a doppio senso;Asciutto;Asfaltata;Verticale;Sereno;Normale;Buona;Ore Diurne;0;0;0;4;;;-1;1;Autovettura privata;In marcia / fermata / arresto;Passeggero;F;Illeso;0;;Non accertato;Inesistente
1870042;8;25/03/2011 15:00;Strada Urbana;VIA CALAMONACI;all'intersezione con;VIA ANTONIO PUCCINELLI;VIA ANTONIO PUCCINELLI;;;Scontro laterale fra veicoli in marcia;Incrocio;Una carreggiata a doppio senso;Asciutto;Asfaltata;Verticale;Sereno;Normale;Buona;Ore Diurne;0;0;0;4;;;-1;2;Autocarro inferiore 35 q.;In marcia / fermata / arresto;Conducente;M;Illeso;0;;Non accertato;Inesistente
1870042;8;25/03/2011 15:00;Strada Urbana;VIA CALAMONACI;all'intersezione con;VIA ANTONIO PUCCINELLI;VIA ANTONIO PUCCINELLI;;;Scontro laterale fra veicoli in marcia;Incrocio;Una carreggiata a doppio senso;Asciutto;Asfaltata;Verticale;Sereno;Normale;Buona;Ore Diurne;0;0;0;4;;;-1;2;Autocarro inferiore 35 q.;In marcia / fermata / arresto;Passeggero;F;Illeso;0;;Non accertato;Inesistente
1870045;12;24/03/2011 18:45;Statale entro l'abitato;VIA DEL MARE;all'intersezione con;VIA OSTIENSE;VIA OSTIENSE;;;Scontro laterale fra veicoli in marcia;Intersezione stradale segnalata;Una carreggiata a doppio senso;Asciutto;Asfaltata;Verticale ed orizzontale;Sereno;Intenso;Buona;Sufficiente;0;0;0;3;;;-1;1;Autocarro inferiore 35 q.;In marcia / fermata / arresto;Conducente;M;Illeso;0;;Utilizzato;Inesistente
1870045;12;24/03/2011 18:45;Statale entro l'abitato;VIA DEL MARE;all'intersezione con;VIA OSTIENSE;VIA OSTIENSE;;;Scontro laterale fra veicoli in marcia;Intersezione stradale segnalata;Una carreggiata a doppio senso;Asciutto;Asfaltata;Verticale ed orizzontale;Sereno;Intenso;Buona;Sufficiente;0;0;0;3;;;-1;1;Autocarro inferiore 35 q.;In marcia / fermata / arresto;Passeggero;M;Illeso;0;;Utilizzato;Inesistente
1870045;12;24/03/2011 18:45;Statale entro l'abitato;VIA DEL MARE;all'intersezione con;VIA OSTIENSE;VIA OSTIENSE;;;Scontro laterale fra veicoli in marcia;Intersezione stradale segnalata;Una carreggiata a doppio senso;Asciutto;Asfaltata;Verticale ed orizzontale;Sereno;Intenso;Buona;Sufficiente;0;0;0;3;;;-1;2;Motociclo a solo;In marcia / fermata / arresto;Conducente;M;Illeso;0;;Utilizzato;Inesistente
1870046;8;25/03/2011 13:20;Strada Urbana;VIALE DELLA SORBONA;all'intersezione con;VIA COLUMBIA;VIA COLUMBIA;;;Scontro laterale fra veicoli in marcia;Rotatoria;Una carreggiata a senso unico di marcia;Asciutto;Asfaltata;Verticale ed orizzontale;Sereno;Normale;Buona;Ore Diurne;0;0;0;3;;;-1;1;Autovettura privata;In marcia / fermata / arresto;Conducente;M;Illeso;0;;Non accertato;Inesistente
1870046;8;25/03/2011 13:20;Strada Urbana;VIALE DELLA SORBONA;all'intersezione con;VIA COLUMBIA;VIA COLUMBIA;;;Scontro laterale fra veicoli in marcia;Rotatoria;Una carreggiata a senso unico di marcia;Asciutto;Asfaltata;Verticale ed orizzontale;Sereno;Normale;Buona;Ore Diurne;0;0;0;3;;;-1;1;Autovettura privata;In marcia / fermata / arresto;Passeggero;F;Illeso;0;;Non accertato;Inesploso
1870046;8;25/03/2011 13:20;Strada Urbana;VIALE DELLA SORBONA;all'intersezione con;VIA COLUMBIA;VIA COLUMBIA;;;Scontro laterale fra veicoli in marcia;Rotatoria;Una carreggiata a senso unico di marcia;Asciutto;Asfaltata;Verticale ed orizzontale;Sereno;Normale;Buona;Ore Diurne;0;0;0;3;;;-1;2;Autovettura privata;In marcia / fermata / arresto;Conducente;M;Illeso;0;;Non accertato;Inesistente
1870047;8;25/03/2011 22:30;Strada Urbana;VIA DELLA TENUTA DI TORRENOVA;in prossimità;;del civico n. ;14;;Veicolo in marcia contro ostacolo accidentale;Rettilineo;Una carreggiata a doppio senso;Asciutto;Asfaltata;Verticale ed orizzontale;Sereno;Scarso;Sufficiente;Sufficiente;0;0;0;1;;;-1;1;Autovettura privata;In marcia / fermata / arresto;Conducente;F;Illeso;0;;Non accertato;Inesistente
1870048;8;25/03/2011 21:10;Strada Urbana;LARGO FERRUCCIO MENGARONI;da specificare;;;;edificio A altezza scala B;Veicolo in marcia contro ostacolo accidentale;Rettilineo;Una carreggiata a doppio senso;Asciutto;Con buche;Assente;Sereno;Scarso;Sufficiente;Sufficiente;0;0;0;1;;;-1;1;Autovettura privata;In marcia / fermata / arresto;Conducente;M;Illeso;0;;Non accertato;Inesistente
1870049;8;25/03/2011 18:00;Strada Urbana;VIA DI TOR BELLA MONACA;da specificare;;;;alt. svincolo Torrenova;Veicolo in marcia contro ostacolo fisso;Rettilineo;Una carreggiata a senso unico di marcia;Asciutto;Asfaltata;Verticale ed orizzontale;Sereno;Normale;Sufficiente;Ore Diurne;1;0;0;2;;;-1;1;Autovettura privata;In marcia / fermata / arresto;Conducente;M;Rimandato;0;NON DECEDUTO;Non accertato;Inesistente
1870049;8;25/03/2011 18:00;Strada Urbana;VIA DI TOR BELLA MONACA;da specificare;;;;alt. svincolo Torrenova;Veicolo in marcia contro ostacolo fisso;Rettilineo;Una carreggiata a senso unico di marcia;Asciutto;Asfaltata;Verticale ed orizzontale;Sereno;Normale;Sufficiente;Ore Diurne;1;0;0;2;;;-1;2;Autovettura privata;In marcia / fermata / arresto;Conducente;M;Illeso;0;;Non accertato;Inesistente
1870049;8;25/03/2011 18:00;Strada Urbana;VIA DI TOR BELLA MONACA;da specificare;;;;alt. svincolo Torrenova;Veicolo in marcia contro ostacolo fisso;Rettilineo;Una carreggiata a senso unico di marcia;Asciutto;Asfaltata;Verticale ed orizzontale;Sereno;Normale;Sufficiente;Ore Diurne;1;0;0;2;;;-1;2;Autovettura privata;In marcia / fermata / arresto;Passeggero;F;Illeso;0;;Non accertato;Inesistente
1870050;13;25/03/2011 20:00;Strada Urbana;VIA DI MACCHIA PALOCCO;da specificare;;;;pressi civico 223;Scontro frontale/laterale SX fra veicoli in marcia;Rettilineo;Una carreggiata a doppio senso;Asciutto;Asfaltata;Orizzontale;Sereno;Normale;Insufficiente;Insufficiente;0;0;0;2;;;-1;1;Autovettura privata;In marcia / fermata / arresto;Conducente;M;Illeso;0;;Non accertato;Inesploso
1870050;13;25/03/2011 20:00;Strada Urbana;VIA DI MACCHIA PALOCCO;da specificare;;;;pressi civico 223;Scontro frontale/laterale SX fra veicoli in marcia;Rettilineo;Una carreggiata a doppio senso;Asciutto;Asfaltata;Orizzontale;Sereno;Normale;Insufficiente;Insufficiente;0;0;0;2;;;-1;1;Autovettura privata;In marcia / fermata / arresto;Passeggero;M;Illeso;0;;Non accertato;Inesploso
1870051;8;25/03/2011 23:30;Statale entro l'abitato;VIA CASILINA;in prossimità;;del civico n. ;1376;;Scontro frontale/laterale SX fra veicoli in marcia;Rettilineo;Una carreggiata a doppio senso;Asciutto;Asfaltata;Verticale ed orizzontale;Sereno;Normale;Buona;Sufficiente;1;0;0;2;;;-1;1;Autovettura privata;In marcia / fermata / arresto;Conducente;M;Illeso;0;;Non accertato;Inesploso
1870051;8;25/03/2011 23:30;Statale entro l'abitato;VIA CASILINA;in prossimità;;del civico n. ;1376;;Scontro frontale/laterale SX fra veicoli in marcia;Rettilineo;Una carreggiata a doppio senso;Asciutto;Asfaltata;Verticale ed orizzontale;Sereno;Normale;Buona;Sufficiente;1;0;0;2;;;-1;2;Autovettura privata;In marcia / fermata / arresto;Conducente;M;Illeso;0;;Non accertato;Inesploso
1870051;8;25/03/2011 23:30;Statale entro l'abitato;VIA CASILINA;in prossimità;;del civico n. ;1376;;Scontro frontale/laterale SX fra veicoli in marcia;Rettilineo;Una carreggiata a doppio senso;Asciutto;Asfaltata;Verticale ed orizzontale;Sereno;Normale;Buona;Sufficiente;1;0;0;2;;;-1;2;Autovettura privata;In marcia / fermata / arresto;Passeggero;F;Rimandato;0;NON DECEDUTO;Non accertato;Inesploso
1870052;8;26/03/2011 04:00;Strada Urbana;VIA PINEROLO;all'intersezione con;VIA TUSCOLANA;VIA TUSCOLANA;;;Scontro frontale/laterale DX fra veicoli in marcia;Incrocio;Una carreggiata a doppio senso;Asciutto;Asfaltata;Verticale ed orizzontale;Sereno;Scarso;Sufficiente;Sufficiente;0;0;0;2;;;-1;1;Autovettura privata;In marcia / fermata / arresto;Conducente;M;Illeso;0;;Non accertato;Inesistente